1,N/A,1,N/A
4,Assistant Engineer,4,Assistant Engineer
5,Assistant Manager,5,Assistant Manager
8,Deputy Manager,8,Deputy Manager
10,Executive,10,Executive
12,General Manager,12,General Manager
16,Intern,16,Intern
17,IT Support Engineer,17,IT Support Engineer
18,IT Technician,18,IT Technician
19,Junior Officer,19,Junior Officer
21,Manager,21,Manager
29,Senior Executive,29,Senior Executive
30,Senior Manager,30,Senior Manager
42,Business Controller,42,Business Controller
43,Chief Corporate Affairs Officer,43,Chief Corporate Affairs Officer
44,Chief Financial Officer,44,Chief Financial Officer
45,Business Consultant,45,Business Consultant
46,Senior General Manager,46,Senior General Manager
47,Senior System Engineer,47,Senior System Engineer
48,Chief Regional Officer,48,Chief Regional Officer
49,Sales Trainee Officer,49,Sales Trainee Officer
50,Apprentice,50,Apprentice
51,System Engineer,51,System Engineer
52,Senior System Engineer (Contractual),52,Senior System Engineer (Contractual)
